burst_id,scenario,event_timestamp,detected_at,latency_ms
1,small,2025-06-19T16:12:26Z,2025-06-19T16:12:26Z,0.00
2,large,2025-06-19T16:12:31Z,2025-06-19T16:12:31Z,0.00
2,large,2025-06-19T16:12:31Z,2025-06-19T16:12:31Z,0.00
2,large,2025-06-19T16:12:31Z,2025-06-19T16:12:31Z,0.00
2,large,2025-06-19T16:12:31Z,2025-06-19T16:12:31Z,0.00
2,large,2025-06-19T16:12:31Z,2025-06-19T16:12:31Z,0.00
2,large,2025-06-19T16:12:31Z,2025-06-19T16:12:31Z,0.00
2,large,2025-06-19T16:12:31Z,2025-06-19T16:12:31Z,0.00
2,large,2025-06-19T16:12:31Z,2025-06-19T16:12:31Z,0.00
5,multi_ip,2025-06-19T16:12:46Z,2025-06-19T16:12:46Z,0.00
9,large,2025-06-19T16:13:06Z,2025-06-19T16:13:06Z,0.00
9,large,2025-06-19T16:13:06Z,2025-06-19T16:13:06Z,0.00
9,large,2025-06-19T16:13:06Z,2025-06-19T16:13:06Z,0.00
9,large,2025-06-19T16:13:06Z,2025-06-19T16:13:06Z,0.00
9,large,2025-06-19T16:13:06Z,2025-06-19T16:13:06Z,0.00
9,large,2025-06-19T16:13:06Z,2025-06-19T16:13:06Z,0.00
9,large,2025-06-19T16:13:06Z,2025-06-19T16:13:06Z,0.00
9,large,2025-06-19T16:13:06Z,2025-06-19T16:13:06Z,0.00
11,large,2025-06-19T16:13:16Z,2025-06-19T16:13:16Z,0.00
11,large,2025-06-19T16:13:16Z,2025-06-19T16:13:16Z,0.00
11,large,2025-06-19T16:13:16Z,2025-06-19T16:13:16Z,0.00
11,large,2025-06-19T16:13:16Z,2025-06-19T16:13:16Z,0.00
11,large,2025-06-19T16:13:16Z,2025-06-19T16:13:16Z,0.00
11,large,2025-06-19T16:13:16Z,2025-06-19T16:13:16Z,0.00
11,large,2025-06-19T16:13:16Z,2025-06-19T16:13:16Z,0.00
11,large,2025-06-19T16:13:16Z,2025-06-19T16:13:16Z,0.00
11,large,2025-06-19T16:13:16Z,2025-06-19T16:13:16Z,0.00
13,large,2025-06-19T16:13:26Z,2025-06-19T16:13:26Z,0.00
13,large,2025-06-19T16:13:26Z,2025-06-19T16:13:26Z,0.00
13,large,2025-06-19T16:13:26Z,2025-06-19T16:13:26Z,0.00
13,large,2025-06-19T16:13:26Z,2025-06-19T16:13:26Z,0.00
13,large,2025-06-19T16:13:26Z,2025-06-19T16:13:26Z,0.00
13,large,2025-06-19T16:13:26Z,2025-06-19T16:13:26Z,0.00
13,large,2025-06-19T16:13:26Z,2025-06-19T16:13:26Z,0.00
13,large,2025-06-19T16:13:26Z,2025-06-19T16:13:26Z,0.00
13,large,2025-06-19T16:13:26Z,2025-06-19T16:13:26Z,0.00
15,multi_ip,2025-06-19T16:13:36Z,2025-06-19T16:13:36Z,0.00
17,small,2025-06-19T16:13:46Z,2025-06-19T16:13:46Z,0.00
17,small,2025-06-19T16:13:46Z,2025-06-19T16:13:46Z,0.00
17,small,2025-06-19T16:13:46Z,2025-06-19T16:13:46Z,0.00
17,small,2025-06-19T16:13:46Z,2025-06-19T16:13:46Z,0.00
17,small,2025-06-19T16:13:46Z,2025-06-19T16:13:46Z,0.00
19,small,2025-06-19T16:13:56Z,2025-06-19T16:13:56Z,0.00
19,small,2025-06-19T16:13:56Z,2025-06-19T16:13:56Z,0.00
19,small,2025-06-19T16:13:56Z,2025-06-19T16:13:56Z,0.00
19,small,2025-06-19T16:13:56Z,2025-06-19T16:13:56Z,0.00
19,small,2025-06-19T16:13:56Z,2025-06-19T16:13:56Z,0.00
19,small,2025-06-19T16:13:56Z,2025-06-19T16:13:56Z,0.00
19,small,2025-06-19T16:13:56Z,2025-06-19T16:13:56Z,0.00
19,small,2025-06-19T16:13:56Z,2025-06-19T16:13:56Z,0.00
19,small,2025-06-19T16:13:56Z,2025-06-19T16:13:56Z,0.00
22,large,2025-06-19T16:14:11Z,2025-06-19T16:14:11Z,0.00
22,large,2025-06-19T16:14:11Z,2025-06-19T16:14:11Z,0.00
22,large,2025-06-19T16:14:11Z,2025-06-19T16:14:11Z,0.00
22,large,2025-06-19T16:14:11Z,2025-06-19T16:14:11Z,0.00
22,large,2025-06-19T16:14:11Z,2025-06-19T16:14:11Z,0.00
22,large,2025-06-19T16:14:11Z,2025-06-19T16:14:11Z,0.00
22,large,2025-06-19T16:14:11Z,2025-06-19T16:14:11Z,0.00
22,large,2025-06-19T16:14:11Z,2025-06-19T16:14:11Z,0.00
22,large,2025-06-19T16:14:11Z,2025-06-19T16:14:11Z,0.00
23,large,2025-06-19T16:14:16Z,2025-06-19T16:14:16Z,0.00
23,large,2025-06-19T16:14:16Z,2025-06-19T16:14:16Z,0.00
23,large,2025-06-19T16:14:16Z,2025-06-19T16:14:16Z,0.00
23,large,2025-06-19T16:14:16Z,2025-06-19T16:14:16Z,0.00
23,large,2025-06-19T16:14:16Z,2025-06-19T16:14:16Z,0.00
23,large,2025-06-19T16:14:16Z,2025-06-19T16:14:16Z,0.00
23,large,2025-06-19T16:14:16Z,2025-06-19T16:14:16Z,0.00
23,large,2025-06-19T16:14:16Z,2025-06-19T16:14:16Z,0.00
23,large,2025-06-19T16:14:16Z,2025-06-19T16:14:16Z,0.00
